{"cameraMode":{"drawMode":0,"name":"Shaded","section":"Shading Mode"},"sceneLighting":true,"audioPlay":false,"sceneViewState":{"m_AlwaysRefresh":false,"showFog":true,"showSkybox":true,"showFlares":true,"showImageEffects":true,"showParticleSystems":true,"showVisualEffectGraphs":true,"m_FxEnabled":true},"in2DMode":false,"pivot":{"x":14.443696975708008,"y":16.153377532958986,"z":-5.334580421447754},"rotation":{"x":-0.17017841339111329,"y":0.22743786871433259,"z":-0.04040389135479927,"w":-0.9579779505729675},"size":9.573620796203614,"orthographic":true}